,run_id,time_step,listened,opinion,out_belief
0,0,1,both,0.6280952754836684,0.3333333333333333
1,0,1,both,0.6635169871949929,0.3333333333333333
2,0,1,both,0.7658416901908766,0.3333333333333333
3,0,1,both,0.7742811631803284,0.3333333333333333
4,0,1,both,0.8037923440140848,0.3333333333333333
5,0,1,both,0.6692714880173894,0.3333333333333333
6,0,1,both,0.6060729128692928,0.3333333333333333
7,0,1,both,0.6882131436969511,0.3333333333333333
8,0,1,both,0.7367289236789494,0.3333333333333333
9,0,1,both,0.7473936383439227,0.3333333333333333
10,0,1,both,0.7176836759012385,0.3333333333333333
11,0,1,both,0.7462724340131064,0.3333333333333333
12,0,1,both,0.7247031322279527,0.3333333333333333
13,0,1,both,0.7302308290536237,0.3333333333333333
14,0,1,both,0.6793685508419834,0.3333333333333333
15,0,1,both,0.7073969593338063,0.3333333333333333
16,0,1,both,0.7086474502553324,0.3333333333333333
17,0,1,both,0.7887285277252964,0.3333333333333333
18,0,1,both,0.674407697103409,0.3333333333333333
19,0,1,both,0.6698444018065792,0.3333333333333333
20,0,1,both,0.763819061692103,0.3333333333333333
21,0,1,both,0.7000055530767153,0.3333333333333333
22,0,1,both,0.6929594812087712,0.3333333333333333
23,0,1,both,0.7043038205453582,0.3333333333333333
24,0,1,both,0.6520584023097177,0.3333333333333333
25,0,1,both,0.7956564678528889,0.3333333333333333
26,0,1,both,0.6435312507552878,0.3333333333333333
27,0,1,both,0.6819461042033966,0.3333333333333333
28,0,1,both,0.6946117969685863,0.3333333333333333
29,0,1,both,0.6643646794638549,0.3333333333333333
30,0,1,both,0.6711334345227514,0.3333333333333333
31,0,1,both,0.7042347404209708,0.3333333333333333
32,0,1,both,0.7719456438709649,0.3333333333333333
33,0,1,both,0.6816491201951499,0.3333333333333333
34,0,1,both,0.8058836929027513,0.3333333333333333
35,0,1,both,0.7212420548524642,0.3333333333333333
36,0,1,both,0.6821001664570819,0.3333333333333333
37,0,1,both,0.669485763737961,0.3333333333333333
38,0,1,both,0.7388036693285747,0.3333333333333333
39,0,1,both,0.6561283680768782,0.3333333333333333
40,0,1,both,0.6495398369648946,0.3333333333333333
41,0,1,both,0.6877105901379118,0.3333333333333333
42,0,1,both,0.7205961958650307,0.3333333333333333
43,0,1,both,0.6803686692007844,0.3333333333333333
44,0,1,both,0.6800440038175005,0.3333333333333333
45,0,1,both,0.6991485117841628,0.3333333333333333
46,0,1,both,0.6951279043432285,0.3333333333333333
47,0,1,both,0.6407908314147666,0.3333333333333333
48,0,1,both,0.7566548393840209,0.3333333333333333
49,0,1,both,0.7113861485180847,0.3333333333333333
0,0,24,both,0.6060729128692928,0.44550973644313907
1,0,24,both,0.6280952754836684,0.45054307795331355
2,0,24,both,0.6407908314147666,0.3465749723992276
3,0,24,both,0.6435312507552878,0.3541949768796973
4,0,24,both,0.6495398369648946,0.3414854800322015
5,0,24,both,0.6520584023097177,0.34864802633584885
6,0,24,both,0.6561283680768782,0.34399034581739174
7,0,24,both,0.6635169871949929,0.34232937407290387
8,0,24,both,0.6643646794638549,0.34384842888238704
9,0,24,both,0.6692714880173894,0.3450847038481035
10,0,24,both,0.669485763737961,0.3438053405763112
11,0,24,both,0.6698444018065792,0.34296613011169846
12,0,24,both,0.6711334345227514,0.3441697591481038
13,0,24,both,0.674407697103409,0.34854997404278326
14,0,24,both,0.6793685508419834,0.39404455670494676
15,0,24,both,0.6800440038175005,0.37474455047120014
16,0,24,both,0.6803686692007844,0.34719641725499045
17,0,24,both,0.6816491201951499,0.394191416498609
18,0,24,both,0.6819461042033966,0.3492253256473221
19,0,24,both,0.6821001664570819,0.344014768004548
20,0,24,both,0.6877105901379118,0.34467983524917856
21,0,24,both,0.6882131436969511,0.34437103835163835
22,0,24,both,0.6929594812087712,0.3457785932661184
23,0,24,both,0.6946117969685863,0.34588807722486326
24,0,24,both,0.6951279043432285,0.34435030421638346
25,0,24,both,0.6991485117841628,0.3451252316996706
26,0,24,both,0.7000055530767153,0.34703589254871886
27,0,24,both,0.7042347404209708,0.37474455047120014
28,0,24,both,0.7043038205453582,0.3454013238736236
29,0,24,both,0.7073969593338063,0.3441871506426112
30,0,24,both,0.7086474502553324,0.3442595933350479
31,0,24,both,0.7113861485180847,0.34673725007625733
32,0,24,both,0.7176836759012385,0.3441085548356931
33,0,24,both,0.7205961958650307,0.3462154178617578
34,0,24,both,0.7212420548524642,0.34507708982941054
35,0,24,both,0.7247031322279527,0.34616179663307683
36,0,24,both,0.7302308290536237,0.3469216547779333
37,0,24,both,0.7367289236789494,0.3456812798171959
38,0,24,both,0.7388036693285747,0.3453981082245043
39,0,24,both,0.7462724340131064,0.3477591536427296
40,0,24,both,0.7473936383439227,0.3454870297381233
41,0,24,both,0.7566548393840209,0.35080621094002484
42,0,24,both,0.763819061692103,0.37474455047120014
43,0,24,both,0.7658416901908766,0.34443520331309185
44,0,24,both,0.7719456438709649,0.3459596573173198
45,0,24,both,0.7742811631803284,0.4005325501046817
46,0,24,both,0.7887285277252964,0.3694618967464612
47,0,24,both,0.7956564678528889,0.3441161456177488
48,0,24,both,0.8037923440140848,0.37474455047120014
49,0,24,both,0.8058836929027513,0.34545929642551987
0,1,1,both,0.6369352763340487,0.3333333333333333
1,1,1,both,0.6476140838640003,0.3333333333333333
2,1,1,both,0.6791620917627362,0.3333333333333333
3,1,1,both,0.6469919356487324,0.3333333333333333
4,1,1,both,0.6186480841302152,0.3333333333333333
5,1,1,both,0.5050974475870523,0.3333333333333333
6,1,1,both,0.6824735098069042,0.3333333333333333
7,1,1,both,0.7015619809699728,0.3333333333333333
8,1,1,both,0.7574572819896137,0.3333333333333333
9,1,1,both,0.6587173267877708,0.3333333333333333
10,1,1,both,0.6951965474607893,0.3333333333333333
11,1,1,both,0.6797552271801904,0.3333333333333333
12,1,1,both,0.6650290374921908,0.3333333333333333
13,1,1,both,0.6636183819753225,0.3333333333333333
14,1,1,both,0.7764960982862684,0.3333333333333333
15,1,1,both,0.78201668005697,0.3333333333333333
16,1,1,both,0.7116211128712531,0.3333333333333333
17,1,1,both,0.5018913529185458,0.3333333333333333
18,1,1,both,0.6867011183728126,0.3333333333333333
19,1,1,both,0.7366720157377845,0.3333333333333333
20,1,1,both,0.7275155447353532,0.3333333333333333
21,1,1,both,0.7389890675050532,0.3333333333333333
22,1,1,both,0.6935736140402694,0.3333333333333333
23,1,1,both,0.7240070013395866,0.3333333333333333
24,1,1,both,0.689876780802961,0.3333333333333333
25,1,1,both,0.6579652711008338,0.3333333333333333
26,1,1,both,0.7255969819811062,0.3333333333333333
27,1,1,both,0.6671664827248622,0.3333333333333333
28,1,1,both,0.6281677776312842,0.3333333333333333
29,1,1,both,0.7458141422615876,0.3333333333333333
30,1,1,both,0.7544627504154034,0.3333333333333333
31,1,1,both,0.7548227307796106,0.3333333333333333
32,1,1,both,0.6997516408343634,0.3333333333333333
33,1,1,both,0.7991385920592624,0.3333333333333333
34,1,1,both,0.706193648022479,0.3333333333333333
35,1,1,both,0.6962921982470509,0.3333333333333333
36,1,1,both,0.7075871153790522,0.3333333333333333
37,1,1,both,0.7532290381010232,0.3333333333333333
38,1,1,both,0.5115208929164687,0.3333333333333333
39,1,1,both,0.669344559057667,0.3333333333333333
40,1,1,both,0.7501122644356697,0.3333333333333333
41,1,1,both,0.7657109589879143,0.3333333333333333
42,1,1,both,0.666678969778119,0.3333333333333333
43,1,1,both,0.6735160251825647,0.3333333333333333
44,1,1,both,0.689343695062982,0.3333333333333333
45,1,1,both,0.6883361536175444,0.3333333333333333
46,1,1,both,0.73128068174864,0.3333333333333333
47,1,1,both,0.7556507320534892,0.3333333333333333
48,1,1,both,0.6794035668098131,0.3333333333333333
49,1,1,both,0.7209174363910105,0.3333333333333333
50,1,1,both,0.7125703296569046,0.3333333333333333
51,1,1,both,0.6917808528757146,0.3333333333333333
52,1,1,both,0.7544780333565543,0.3333333333333333
0,1,25,both,0.5018913529185458,0.44200264612065376
1,1,25,none,0.5050974475870523,0.44366055611257427
2,1,25,both,0.5115208929164687,0.4416481579099931
3,1,25,none,0.6186480841302152,0.4546678294973141
4,1,25,both,0.6281677776312842,0.342966164154467
5,1,25,both,0.6369352763340487,0.3474268435951586
6,1,25,both,0.6469919356487324,0.3409010416417536
7,1,25,both,0.6476140838640003,0.3404748319989049
8,1,25,none,0.6579652711008338,0.4546678294973141
9,1,25,both,0.6587173267877708,0.3405348116138532
10,1,25,none,0.6636183819753225,0.4667792109882294
11,1,25,both,0.6650290374921908,0.34498098576901154
12,1,25,both,0.666678969778119,0.3975140390441574
13,1,25,both,0.6671664827248622,0.3420712557897664
14,1,25,both,0.669344559057667,0.34447897891739754
15,1,25,both,0.6735160251825647,0.3482960922352766
16,1,25,both,0.6791620917627362,0.3455111886500612
17,1,25,both,0.6794035668098131,0.34442836675583843
18,1,25,both,0.6797552271801904,0.35099812757237336
19,1,25,both,0.6824735098069042,0.3447910670069292
20,1,25,both,0.6867011183728126,0.3455986975740936
21,1,25,both,0.6883361536175444,0.3497769063736133
22,1,25,both,0.689343695062982,0.3494675112448981
23,1,25,none,0.689876780802961,0.4667792109882294
24,1,25,both,0.6917808528757146,0.34719982166913366
25,1,25,both,0.6935736140402694,0.3474731313316446
26,1,25,both,0.6951965474607893,0.3443190482036969
27,1,25,both,0.6962921982470509,0.34450290823432506
28,1,25,both,0.6997516408343634,0.3451359916261515
29,1,25,both,0.7015619809699728,0.34707356964070657
30,1,25,both,0.706193648022479,0.3447532730986471
31,1,25,both,0.7075871153790522,0.3504455516493461
32,1,25,both,0.7116211128712531,0.3466798840473762
33,1,25,both,0.7125703296569046,0.35200726144961886
34,1,25,both,0.7209174363910105,0.34491742826395844
35,1,25,both,0.7240070013395866,0.3453079488847742
36,1,25,both,0.7255969819811062,0.34674353678435726
37,1,25,both,0.7275155447353532,0.3499039818547171
38,1,25,both,0.73128068174864,0.3503854511571775
39,1,25,both,0.7366720157377845,0.3458025152444735
40,1,25,both,0.7389890675050532,0.346048115204335
41,1,25,both,0.7458141422615876,0.39716981897058845
42,1,25,both,0.7501122644356697,0.3452926839232568
43,1,25,both,0.7532290381010232,0.34690766069408363
44,1,25,both,0.7544627504154034,0.3481450177046256
45,1,25,both,0.7544780333565543,0.3453795689666792
46,1,25,both,0.7548227307796106,0.3956821941076789
47,1,25,both,0.7556507320534892,0.3960906260791841
48,1,25,both,0.7574572819896137,0.3460561574262133
49,1,25,both,0.7657109589879143,0.345225719673309
50,1,25,both,0.7764960982862684,0.3446523171883348
51,1,25,both,0.78201668005697,0.34949955634261665
52,1,25,both,0.7991385920592624,0.3450956066680079
0,2,1,both,0.6642109084147356,0.3333333333333333
1,2,1,both,0.650244842732841,0.3333333333333333
2,2,1,both,0.6969012759412092,0.3333333333333333
3,2,1,both,0.7181794997918014,0.3333333333333333
4,2,1,both,0.703766445885453,0.3333333333333333
5,2,1,both,0.7029248104522882,0.3333333333333333
6,2,1,both,0.6392032164700165,0.3333333333333333
7,2,1,both,0.7714219918791696,0.3333333333333333
8,2,1,both,0.6995515320732475,0.3333333333333333
9,2,1,both,0.7513611818571491,0.3333333333333333
10,2,1,both,0.6668082431503913,0.3333333333333333
11,2,1,both,0.7571203252612788,0.3333333333333333
12,2,1,both,0.8438208948356458,0.3333333333333333
13,2,1,both,0.7556711856132992,0.3333333333333333
14,2,1,both,0.668493617148073,0.3333333333333333
15,2,1,both,0.7283524362859441,0.3333333333333333
16,2,1,both,0.7060495698391079,0.3333333333333333
17,2,1,both,0.7684140575647984,0.3333333333333333
18,2,1,both,0.6267869902139801,0.3333333333333333
19,2,1,both,0.7898644029549744,0.3333333333333333
20,2,1,both,0.6759284570575661,0.3333333333333333
21,2,1,both,0.6749240417917329,0.3333333333333333
22,2,1,both,0.6565698826441105,0.3333333333333333
23,2,1,both,0.6863725869195908,0.3333333333333333
24,2,1,both,0.6414342168661837,0.3333333333333333
25,2,1,both,0.6407617620005985,0.3333333333333333
26,2,1,both,0.720195845038887,0.3333333333333333
27,2,1,both,0.6919388258478614,0.3333333333333333
28,2,1,both,0.7082595782568986,0.3333333333333333
29,2,1,both,0.617549034264184,0.3333333333333333
30,2,1,both,0.7879288910090321,0.3333333333333333
31,2,1,both,0.691875025347124,0.3333333333333333
32,2,1,both,0.6934158863085198,0.3333333333333333
33,2,1,both,0.5044602746793763,0.3333333333333333
34,2,1,both,0.7183692578928289,0.3333333333333333
35,2,1,both,0.6779099937148246,0.3333333333333333
36,2,1,both,0.6631496835361178,0.3333333333333333
37,2,1,both,0.7260428686287141,0.3333333333333333
38,2,1,both,0.716681243667163,0.3333333333333333
39,2,1,both,0.7596388285936454,0.3333333333333333
40,2,1,both,0.7093887818059506,0.3333333333333333
41,2,1,both,0.694336066930592,0.3333333333333333
42,2,1,both,0.6569627903666518,0.3333333333333333
43,2,1,both,0.6408548969974626,0.3333333333333333
44,2,1,both,0.6495702491917921,0.3333333333333333
45,2,1,both,0.6199433965662088,0.3333333333333333
46,2,1,both,0.758506193942664,0.3333333333333333
47,2,1,both,0.6301892984432508,0.3333333333333333
48,2,1,both,0.6738846356732541,0.3333333333333333
49,2,1,both,0.71771719364113,0.3333333333333333
50,2,1,both,0.7230616023518246,0.3333333333333333
0,2,25,none,0.5044602746793763,0.44476285368406376
1,2,25,both,0.617549034264184,0.3514163186577136
2,2,25,both,0.6199433965662088,0.3427046343650306
3,2,25,both,0.6267869902139801,0.4471164165758631
4,2,25,both,0.6301892984432508,0.3394697930797088
5,2,25,both,0.6392032164700165,0.342007121154934
6,2,25,both,0.6407617620005985,0.4363725189981111
7,2,25,both,0.6408548969974626,0.3538698755832147
8,2,25,both,0.6414342168661837,0.4368753653585036
9,2,25,both,0.6495702491917921,0.34180985817529186
10,2,25,both,0.650244842732841,0.3918516743628784
11,2,25,both,0.6565698826441105,0.3895621648395884
12,2,25,both,0.6569627903666518,0.3454770744453408
13,2,25,both,0.6631496835361178,0.34117970791427493
14,2,25,both,0.6642109084147356,0.3444990861196849
15,2,25,both,0.6668082431503913,0.34711820533463145
16,2,25,both,0.668493617148073,0.44403992087087124
17,2,25,both,0.6738846356732541,0.3433281263396377
18,2,25,both,0.6749240417917329,0.3443728023693805
19,2,25,both,0.6759284570575661,0.34422885596172426
20,2,25,both,0.6779099937148246,0.3459261191199341
21,2,25,both,0.6863725869195908,0.44474463140507087
22,2,25,both,0.691875025347124,0.3460329959835807
23,2,25,both,0.6919388258478614,0.3443272614570242
24,2,25,both,0.6934158863085198,0.3455721399434748
25,2,25,both,0.694336066930592,0.3441927491711908
26,2,25,both,0.6969012759412092,0.34656946304890945
27,2,25,both,0.6995515320732475,0.3445882657641576
28,2,25,both,0.7029248104522882,0.3442448633467948
29,2,25,both,0.703766445885453,0.3568642351671072
30,2,25,both,0.7060495698391079,0.34477749274493175
31,2,25,both,0.7082595782568986,0.34695841642106195
32,2,25,both,0.7093887818059506,0.4029316053929039
33,2,25,both,0.716681243667163,0.34461109926906786
34,2,25,both,0.71771719364113,0.3457995115804009
35,2,25,both,0.7181794997918014,0.3444156720035929
36,2,25,both,0.7183692578928289,0.3444107399248652
37,2,25,both,0.720195845038887,0.345157741494504
38,2,25,both,0.7230616023518246,0.3443708572920853
39,2,25,both,0.7260428686287141,0.3453448154499241
40,2,25,both,0.7283524362859441,0.3468392605343484
41,2,25,both,0.7513611818571491,0.34514806760001426
42,2,25,both,0.7556711856132992,0.35061739354987864
43,2,25,both,0.7571203252612788,0.34542991913174237
44,2,25,both,0.758506193942664,0.34763998540940894
45,2,25,both,0.7596388285936454,0.3587907553086391
46,2,25,both,0.7684140575647984,0.3442157635493406
47,2,25,both,0.7714219918791696,0.3447467248308592
48,2,25,both,0.7879288910090321,0.34927680101619435
49,2,25,both,0.7898644029549744,0.3448383657523927
50,2,25,both,0.8438208948356458,0.3478343564281
0,3,1,both,0.6196998012987143,0.3333333333333333
1,3,1,both,0.7109266362183572,0.3333333333333333
2,3,1,both,0.6460417881137166,0.3333333333333333
3,3,1,both,0.6845615243199883,0.3333333333333333
4,3,1,both,0.6701134154369828,0.3333333333333333
5,3,1,both,0.6927006346748598,0.3333333333333333
6,3,1,both,0.7788328471233923,0.3333333333333333
7,3,1,both,0.6960681258397259,0.3333333333333333
8,3,1,both,0.847270039023298,0.3333333333333333
9,3,1,both,0.6503334904224292,0.3333333333333333
10,3,1,both,0.6823583171948755,0.3333333333333333
11,3,1,both,0.6901771060244072,0.3333333333333333
12,3,1,both,0.7060338367525533,0.3333333333333333
13,3,1,both,0.669121511566005,0.3333333333333333
14,3,1,both,0.6578971890828856,0.3333333333333333
15,3,1,both,0.705715591624907,0.3333333333333333
16,3,1,both,0.7126489750309684,0.3333333333333333
17,3,1,both,0.6916599892148865,0.3333333333333333
18,3,1,both,0.681237562978023,0.3333333333333333
19,3,1,both,0.6568841574285798,0.3333333333333333
20,3,1,both,0.7418410673829291,0.3333333333333333
21,3,1,both,0.7979150042962596,0.3333333333333333
22,3,1,both,0.7716956587645962,0.3333333333333333
23,3,1,both,0.7127697194149848,0.3333333333333333
24,3,1,both,0.7618571203569923,0.3333333333333333
25,3,1,both,0.7340666846921322,0.3333333333333333
26,3,1,both,0.7413482057357024,0.3333333333333333
27,3,1,both,0.6858236587601544,0.3333333333333333
28,3,1,both,0.6567029510049662,0.3333333333333333
29,3,1,both,0.7278703206976173,0.3333333333333333
30,3,1,both,0.6826299412283714,0.3333333333333333
31,3,1,both,0.6394626157222728,0.3333333333333333
32,3,1,both,0.7264956289720612,0.3333333333333333
33,3,1,both,0.6238326111709317,0.3333333333333333
34,3,1,both,0.6934593149141636,0.3333333333333333
35,3,1,both,0.6860728442307304,0.3333333333333333
36,3,1,both,0.7674719114244114,0.3333333333333333
37,3,1,both,0.7394164952454543,0.3333333333333333
38,3,1,both,0.801681343588934,0.3333333333333333
39,3,1,both,0.7531960130291964,0.3333333333333333
40,3,1,both,0.6786715399237013,0.3333333333333333
41,3,1,both,0.7307152460036432,0.3333333333333333
42,3,1,both,0.678209772199415,0.3333333333333333
43,3,1,both,0.6887857866061332,0.3333333333333333
44,3,1,both,0.6662352084757224,0.3333333333333333
45,3,1,both,0.7186784514698047,0.3333333333333333
46,3,1,both,0.6525732278089864,0.3333333333333333
47,3,1,both,0.7635249325510466,0.3333333333333333
48,3,1,both,0.7269238895254087,0.3333333333333333
49,3,1,both,0.8312505023632838,0.3333333333333333
0,3,25,both,0.6196998012987143,0.3416876799853883
1,3,25,both,0.6238326111709317,0.40436188875321993
2,3,25,both,0.6394626157222728,0.35329239414435354
3,3,25,both,0.6460417881137166,0.43348521337806706
4,3,25,both,0.6503334904224292,0.3417175979656328
5,3,25,both,0.6525732278089864,0.4213325107792165
6,3,25,both,0.6567029510049662,0.3418015551798415
7,3,25,both,0.6568841574285798,0.45572511582945074
8,3,25,both,0.6578971890828856,0.34662223075931664
9,3,25,both,0.6662352084757224,0.34462434144301113
10,3,25,both,0.669121511566005,0.3952237204766603
11,3,25,both,0.6701134154369828,0.3506687584637491
12,3,25,both,0.678209772199415,0.3455143801131078
13,3,25,both,0.6786715399237013,0.3446949246007419
14,3,25,both,0.681237562978023,0.3505463603576138
15,3,25,both,0.6823583171948755,0.345222660038247
16,3,25,both,0.6826299412283714,0.3447875133355368
17,3,25,both,0.6845615243199883,0.3443259134130766
18,3,25,both,0.6858236587601544,0.34501707374568136
19,3,25,both,0.6860728442307304,0.3447475173775698
20,3,25,both,0.6887857866061332,0.34499896943795816
21,3,25,both,0.6901771060244072,0.34550441567411083
22,3,25,both,0.6916599892148865,0.34459168306169585
23,3,25,both,0.6927006346748598,0.34457057317733053
24,3,25,both,0.6934593149141636,0.34570363600764253
25,3,25,both,0.6960681258397259,0.34960766559573725
26,3,25,both,0.705715591624907,0.37476188871220617
27,3,25,both,0.7060338367525533,0.3490515294826158
28,3,25,both,0.7109266362183572,0.35039866569506684
29,3,25,both,0.7126489750309684,0.34769760825870816
30,3,25,both,0.7127697194149848,0.34887253332823853
31,3,25,both,0.7186784514698047,0.3456430103713426
32,3,25,both,0.7264956289720612,0.3448379736281082
33,3,25,both,0.7269238895254087,0.37476188871220617
34,3,25,both,0.7278703206976173,0.3463459382653252
35,3,25,both,0.7307152460036432,0.34882998228730133
36,3,25,none,0.7340666846921322,0.4667792109882294
37,3,25,both,0.7394164952454543,0.37476188871220617
38,3,25,both,0.7413482057357024,0.3453834760947644
39,3,25,both,0.7418410673829291,0.4213767557496464
40,3,25,both,0.7531960130291964,0.34451663347788297
41,3,25,both,0.7618571203569923,0.345295534754493
42,3,25,both,0.7635249325510466,0.3454428770415705
43,3,25,both,0.7674719114244114,0.346018782887418
44,3,25,both,0.7716956587645962,0.35157869764674926
45,3,25,both,0.7788328471233923,0.34647740941430033
46,3,25,both,0.7979150042962596,0.34479912964780884
47,3,25,both,0.801681343588934,0.3489849251376961
48,3,25,both,0.8312505023632838,0.3448232196986861
49,3,25,both,0.847270039023298,0.3459100144301511
0,4,1,both,0.6625182468154829,0.3333333333333333
1,4,1,both,0.6354769713934151,0.3333333333333333
2,4,1,both,0.6913149538659347,0.3333333333333333
3,4,1,both,0.6253960214869383,0.3333333333333333
4,4,1,both,0.7325821745724435,0.3333333333333333
5,4,1,both,0.7097406115709688,0.3333333333333333
6,4,1,both,0.8046793086714085,0.3333333333333333
7,4,1,both,0.6973914840375557,0.3333333333333333
8,4,1,both,0.7446838239789768,0.3333333333333333
9,4,1,both,0.6067484809854662,0.3333333333333333
10,4,1,both,0.7154047077062423,0.3333333333333333
11,4,1,both,0.6861362131324298,0.3333333333333333
12,4,1,both,0.6655450477749412,0.3333333333333333
13,4,1,both,0.6561232302751158,0.3333333333333333
14,4,1,both,0.7226476805414026,0.3333333333333333
15,4,1,both,0.5429013915507576,0.3333333333333333
16,4,1,both,0.7142435835939802,0.3333333333333333
17,4,1,both,0.7228687985108386,0.3333333333333333
18,4,1,both,0.7092224116739625,0.3333333333333333
19,4,1,both,0.7844790607730887,0.3333333333333333
20,4,1,both,0.7302487508934208,0.3333333333333333
21,4,1,both,0.7357111992463298,0.3333333333333333
22,4,1,both,0.747929282555399,0.3333333333333333
23,4,1,both,0.6467938691293298,0.3333333333333333
24,4,1,both,0.7360734499060172,0.3333333333333333
25,4,1,both,0.6940455134450835,0.3333333333333333
26,4,1,both,0.6819842890881078,0.3333333333333333
27,4,1,both,0.7273270719926732,0.3333333333333333
28,4,1,both,0.7530855153396094,0.3333333333333333
29,4,1,both,0.7880841598972472,0.3333333333333333
30,4,1,both,0.7672583642123811,0.3333333333333333
31,4,1,both,0.698671002690109,0.3333333333333333
32,4,1,both,0.7724726774967824,0.3333333333333333
33,4,1,both,0.7320284672175088,0.3333333333333333
34,4,1,both,0.7095933037878747,0.3333333333333333
35,4,1,both,0.6510786613561934,0.3333333333333333
36,4,1,both,0.741100044803323,0.3333333333333333
37,4,1,both,0.6908231270154669,0.3333333333333333
38,4,1,both,0.6897025170386032,0.3333333333333333
39,4,1,both,0.6241024689102532,0.3333333333333333
40,4,1,both,0.7070753091294214,0.3333333333333333
41,4,1,both,0.7151381233725844,0.3333333333333333
42,4,1,both,0.6810656521477579,0.3333333333333333
43,4,1,both,0.6655687169891316,0.3333333333333333
44,4,1,both,0.7642379706056515,0.3333333333333333
45,4,1,both,0.7120726397188684,0.3333333333333333
46,4,1,both,0.703820710114603,0.3333333333333333
47,4,1,both,0.6531075939931417,0.3333333333333333
48,4,1,both,0.7884617706341748,0.3333333333333333
49,4,1,both,0.6951717621494469,0.3333333333333333
50,4,1,both,0.6606274935703524,0.3333333333333333
0,4,24,both,0.5429013915507576,0.3923133042005056
1,4,24,both,0.6067484809854662,0.34385577929723316
2,4,24,both,0.6241024689102532,0.34169000191365273
3,4,24,both,0.6253960214869383,0.3482319473584924
4,4,24,both,0.6354769713934151,0.34356741530710777
5,4,24,both,0.6467938691293298,0.35246527020772833
6,4,24,both,0.6510786613561934,0.34164424119738757
7,4,24,both,0.6531075939931417,0.3411010787131963
8,4,24,both,0.6561232302751158,0.34286958608525997
9,4,24,both,0.6606274935703524,0.3888853623724333
10,4,24,both,0.6625182468154829,0.35400592166495876
11,4,24,both,0.6655450477749412,0.39419132739458235
12,4,24,both,0.6655687169891316,0.34854682252908964
13,4,24,both,0.6810656521477579,0.35647766246984797
14,4,24,both,0.6819842890881078,0.3459223735347141
15,4,24,both,0.6861362131324298,0.344909499325676
16,4,24,both,0.6897025170386032,0.3475064713099101
17,4,24,both,0.6908231270154669,0.3439275835890393
18,4,24,both,0.6913149538659347,0.43570559045291246
19,4,24,both,0.6940455134450835,0.3438086752526389
20,4,24,both,0.6951717621494469,0.34406298661512824
21,4,24,both,0.6973914840375557,0.34570257912438146
22,4,24,both,0.698671002690109,0.34555607067566246
23,4,24,both,0.703820710114603,0.34557913644896776
24,4,24,both,0.7070753091294214,0.3664721002015089
25,4,24,both,0.7092224116739625,0.3438858441209308
26,4,24,both,0.7095933037878747,0.3440622179005275
27,4,24,both,0.7097406115709688,0.3439060801558634
28,4,24,both,0.7120726397188684,0.34408089604872927
29,4,24,both,0.7142435835939802,0.3443059009152657
30,4,24,both,0.7151381233725844,0.351488794699016
31,4,24,both,0.7154047077062423,0.34459498657918497
32,4,24,both,0.7226476805414026,0.34391708207498906
33,4,24,both,0.7228687985108386,0.3628775514007329
34,4,24,both,0.7273270719926732,0.34587033784114446
35,4,24,both,0.7302487508934208,0.3445626551488855
36,4,24,both,0.7320284672175088,0.34422588537981536
37,4,24,both,0.7325821745724435,0.3488114059509452
38,4,24,both,0.7357111992463298,0.3481174511334804
39,4,24,both,0.7360734499060172,0.3440006905032108
40,4,24,both,0.741100044803323,0.3747434203411426
41,4,24,both,0.7446838239789768,0.34383879851474064
42,4,24,both,0.747929282555399,0.3471008537922793
43,4,24,both,0.7530855153396094,0.34540634813556764
44,4,24,both,0.7642379706056515,0.3445423369892645
45,4,24,both,0.7672583642123811,0.4578120796254473
46,4,24,both,0.7724726774967824,0.34561577592106696
47,4,24,both,0.7844790607730887,0.34950133920204896
48,4,24,both,0.7880841598972472,0.34645978707492986
49,4,24,both,0.7884617706341748,0.3452249238049718
50,4,24,both,0.8046793086714085,0.3453481875747776
0,5,1,both,0.7143128513093572,0.3333333333333333
1,5,1,both,0.7221555865862475,0.3333333333333333
2,5,1,both,0.6140366388893779,0.3333333333333333
3,5,1,both,0.7430124595626599,0.3333333333333333
4,5,1,both,0.5618257528230434,0.3333333333333333
5,5,1,both,0.7337704414321664,0.3333333333333333
6,5,1,both,0.6897912893919562,0.3333333333333333
7,5,1,both,0.5974618975708548,0.3333333333333333
8,5,1,both,0.6388359914305458,0.3333333333333333
9,5,1,both,0.6301083360391502,0.3333333333333333
10,5,1,both,0.6450361126054096,0.3333333333333333
11,5,1,both,0.7172667327745814,0.3333333333333333
12,5,1,both,0.6994641690916928,0.3333333333333333
13,5,1,both,0.7013146043228229,0.3333333333333333
14,5,1,both,0.6812755654166067,0.3333333333333333
15,5,1,both,0.5709244660633217,0.3333333333333333
16,5,1,both,0.7472300142214047,0.3333333333333333
17,5,1,both,0.7254842246357323,0.3333333333333333
18,5,1,both,0.7606833430359765,0.3333333333333333
19,5,1,both,0.630781150025406,0.3333333333333333
20,5,1,both,0.7236791086531578,0.3333333333333333
21,5,1,both,0.6791298450705282,0.3333333333333333
22,5,1,both,0.7545738061089569,0.3333333333333333
23,5,1,both,0.7086079776023896,0.3333333333333333
24,5,1,both,0.7005236168025234,0.3333333333333333
25,5,1,both,0.6538338685465592,0.3333333333333333
26,5,1,both,0.7433828046004891,0.3333333333333333
27,5,1,both,0.6243006986499329,0.3333333333333333
28,5,1,both,0.7030027083972178,0.3333333333333333
29,5,1,both,0.7946586149711272,0.3333333333333333
30,5,1,both,0.6869244592005599,0.3333333333333333
31,5,1,both,0.83783183918178,0.3333333333333333
32,5,1,both,0.7023439860954402,0.3333333333333333
33,5,1,both,0.6947606655340941,0.3333333333333333
34,5,1,both,0.6723310700128003,0.3333333333333333
35,5,1,both,0.6841462241605881,0.3333333333333333
36,5,1,both,0.6778735606660676,0.3333333333333333
37,5,1,both,0.5892419302969036,0.3333333333333333
38,5,1,both,0.7401322166061411,0.3333333333333333
39,5,1,both,0.7164765571128575,0.3333333333333333
40,5,1,both,0.6658842787551515,0.3333333333333333
41,5,1,both,0.7330403068000692,0.3333333333333333
42,5,1,both,0.7355631774793867,0.3333333333333333
43,5,1,both,0.5027039672905573,0.3333333333333333
44,5,1,both,0.7765776573721495,0.3333333333333333
45,5,1,both,0.705626097120191,0.3333333333333333
46,5,1,both,0.7132055785233479,0.3333333333333333
47,5,1,both,0.652754429639671,0.3333333333333333
48,5,1,both,0.7013497200451198,0.3333333333333333
49,5,1,both,0.7689137250588522,0.3333333333333333
50,5,1,both,0.7204064918978673,0.3333333333333333
0,5,25,none,0.5027039672905573,0.44540456643444093
1,5,25,both,0.5618257528230434,0.4395466698099729
2,5,25,both,0.5709244660633217,0.44718598995103814
3,5,25,both,0.5892419302969036,0.44530640212263517
4,5,25,both,0.5974618975708548,0.3460931016399348
5,5,25,both,0.6140366388893779,0.44760767503588117
6,5,25,none,0.6243006986499329,0.45919764270196106
7,5,25,both,0.6301083360391502,0.3454042693791203
8,5,25,none,0.630781150025406,0.45919764270196106
9,5,25,both,0.6388359914305458,0.34798808327672504
10,5,25,both,0.6450361126054096,0.3431978884025295
11,5,25,both,0.652754429639671,0.343313905327449
12,5,25,both,0.6538338685465592,0.3436467012647565
13,5,25,both,0.6658842787551515,0.34443905488457965
14,5,25,both,0.6723310700128003,0.3444957966966456
15,5,25,both,0.6778735606660676,0.4125135676005616
16,5,25,both,0.6791298450705282,0.34462856094883404
17,5,25,both,0.6812755654166067,0.37476356497113994
18,5,25,both,0.6841462241605881,0.3456855544381272
19,5,25,both,0.6869244592005599,0.34494968306661444
20,5,25,both,0.6897912893919562,0.3444506406486249
21,5,25,both,0.6947606655340941,0.4346584812298763
22,5,25,both,0.6994641690916928,0.433686206214557
23,5,25,both,0.7005236168025234,0.3464838729111429
24,5,25,both,0.7013146043228229,0.36122415463581903
25,5,25,both,0.7013497200451198,0.3473748381414419
26,5,25,both,0.7023439860954402,0.34513049696894227
27,5,25,both,0.7030027083972178,0.34539366767041857
28,5,25,both,0.705626097120191,0.3490231869941276
29,5,25,both,0.7086079776023896,0.34591193611562665
30,5,25,none,0.7132055785233479,0.4667792109882294
31,5,25,both,0.7143128513093572,0.4513738406664306
32,5,25,both,0.7164765571128575,0.3513077208028754
33,5,25,both,0.7172667327745814,0.3448780268808215
34,5,25,both,0.7204064918978673,0.3465054608312957
35,5,25,both,0.7221555865862475,0.34730938974544123
36,5,25,both,0.7236791086531578,0.3459487141504972
37,5,25,both,0.7254842246357323,0.3456140160822739
38,5,25,both,0.7330403068000692,0.3948374973723443
39,5,25,both,0.7337704414321664,0.34436995790434916
40,5,25,both,0.7355631774793867,0.37476356497113994
41,5,25,both,0.7401322166061411,0.344639740504808
42,5,25,both,0.7430124595626599,0.37476356497113994
43,5,25,both,0.7433828046004891,0.3449057346530277
44,5,25,both,0.7472300142214047,0.4347684589098574
45,5,25,both,0.7545738061089569,0.34474350207700066
46,5,25,both,0.7606833430359765,0.345877990689475
47,5,25,both,0.7689137250588522,0.4025799097120028
48,5,25,both,0.7765776573721495,0.37476356497113994
49,5,25,both,0.7946586149711272,0.3492489297061785
50,5,25,both,0.83783183918178,0.3457571199146905
0,6,1,both,0.7398303103704265,0.3333333333333333
1,6,1,both,0.7508084075358104,0.3333333333333333
2,6,1,both,0.6300460881362314,0.3333333333333333
3,6,1,both,0.7139216865165319,0.3333333333333333
4,6,1,both,0.6419322435819621,0.3333333333333333
5,6,1,both,0.7293874412314441,0.3333333333333333
6,6,1,both,0.7772405630556554,0.3333333333333333
7,6,1,both,0.7628029649568012,0.3333333333333333
8,6,1,both,0.761886364970467,0.3333333333333333
9,6,1,both,0.7236307823695023,0.3333333333333333
10,6,1,both,0.6959020048351177,0.3333333333333333
11,6,1,both,0.6936529431304248,0.3333333333333333
12,6,1,both,0.7010769638197528,0.3333333333333333
13,6,1,both,0.7085355387096994,0.3333333333333333
14,6,1,both,0.6884516586904665,0.3333333333333333
15,6,1,both,0.6429973551880674,0.3333333333333333
16,6,1,both,0.7343548972346722,0.3333333333333333
17,6,1,both,0.6891549900412429,0.3333333333333333
18,6,1,both,0.6680235382783313,0.3333333333333333
19,6,1,both,0.7151785914033825,0.3333333333333333
20,6,1,both,0.6836995918953034,0.3333333333333333
21,6,1,both,0.6581504850074125,0.3333333333333333
22,6,1,both,0.7252943392586086,0.3333333333333333
23,6,1,both,0.6657452022332573,0.3333333333333333
24,6,1,both,0.6850378776992958,0.3333333333333333
25,6,1,both,0.7448113917721817,0.3333333333333333
26,6,1,both,0.6641852109250383,0.3333333333333333
27,6,1,both,0.6768864501106199,0.3333333333333333
28,6,1,both,0.6546197673519705,0.3333333333333333
29,6,1,both,0.8338574217342684,0.3333333333333333
30,6,1,both,0.777758675908017,0.3333333333333333
31,6,1,both,0.6940831638274968,0.3333333333333333
32,6,1,both,0.7741315802546884,0.3333333333333333
33,6,1,both,0.6730509873383184,0.3333333333333333
34,6,1,both,0.7815426754408431,0.3333333333333333
35,6,1,both,0.7257174827944421,0.3333333333333333
36,6,1,both,0.674219412598323,0.3333333333333333
37,6,1,both,0.7698859986611728,0.3333333333333333
38,6,1,both,0.7418297110512263,0.3333333333333333
39,6,1,both,0.700915787393019,0.3333333333333333
40,6,1,both,0.6606024901961975,0.3333333333333333
41,6,1,both,0.5089215513978292,0.3333333333333333
42,6,1,both,0.7189281128832373,0.3333333333333333
43,6,1,both,0.7498711780501811,0.3333333333333333
44,6,1,both,0.7115964703751113,0.3333333333333333
45,6,1,both,0.6791376119631751,0.3333333333333333
46,6,1,both,0.7315950479021761,0.3333333333333333
47,6,1,both,0.6892013235966502,0.3333333333333333
48,6,1,both,0.6410411474061792,0.3333333333333333
49,6,1,both,0.7339603338922631,0.3333333333333333
50,6,1,both,0.7134698412460547,0.3333333333333333
0,6,25,none,0.5089215513978292,0.4448788837562092
1,6,25,both,0.6300460881362314,0.34300226426655667
2,6,25,none,0.6410411474061792,0.4667792109882294
3,6,25,both,0.6419322435819621,0.34165054332323425
4,6,25,both,0.6429973551880674,0.38910559050415394
5,6,25,both,0.6546197673519705,0.3414500920427274
6,6,25,both,0.6581504850074125,0.3411435709520128
7,6,25,both,0.6606024901961975,0.3402155597663892
8,6,25,both,0.6641852109250383,0.343129133841964
9,6,25,both,0.6657452022332573,0.34225183001725146
10,6,25,both,0.6680235382783313,0.34214168342466106
11,6,25,both,0.6730509873383184,0.34488574349301293
12,6,25,both,0.674219412598323,0.3466796415200004
13,6,25,both,0.6768864501106199,0.34534137964697476
14,6,25,both,0.6791376119631751,0.4440292749936817
15,6,25,both,0.6836995918953034,0.34614710428713835
16,6,25,both,0.6850378776992958,0.3455362678525393
17,6,25,both,0.6884516586904665,0.3463178862194012
18,6,25,both,0.6891549900412429,0.348770973869297
19,6,25,both,0.6892013235966502,0.3458360011147036
20,6,25,both,0.6936529431304248,0.34557608458814587
21,6,25,both,0.6940831638274968,0.35028388842187413
22,6,25,both,0.6959020048351177,0.34748213680011736
23,6,25,both,0.700915787393019,0.3452721844108959
24,6,25,both,0.7010769638197528,0.34452733660667834
25,6,25,both,0.7085355387096994,0.34599176469250026
26,6,25,none,0.7115964703751113,0.4667792109882294
27,6,25,both,0.7134698412460547,0.34473428266447
28,6,25,both,0.7139216865165319,0.346361513156938
29,6,25,both,0.7151785914033825,0.34607800645600684
30,6,25,both,0.7189281128832373,0.3747631092643209
31,6,25,both,0.7236307823695023,0.34500687961118665
32,6,25,both,0.7252943392586086,0.3456974088785381
33,6,25,both,0.7257174827944421,0.34967583061314894
34,6,25,both,0.7293874412314441,0.3445553167989859
35,6,25,both,0.7315950479021761,0.3464191768779561
36,6,25,both,0.7339603338922631,0.344963461919879
37,6,25,both,0.7343548972346722,0.3747631092643209
38,6,25,both,0.7398303103704265,0.34503030636925625
39,6,25,both,0.7418297110512263,0.3747631092643209
40,6,25,both,0.7448113917721817,0.3570526731496294
41,6,25,both,0.7498711780501811,0.34454226890524653
42,6,25,both,0.7508084075358104,0.3987173276301725
43,6,25,both,0.761886364970467,0.3460313612137256
44,6,25,both,0.7628029649568012,0.34524683866840555
45,6,25,both,0.7698859986611728,0.3747631092643209
46,6,25,both,0.7741315802546884,0.3472659438551664
47,6,25,both,0.7772405630556554,0.3446663927557817
48,6,25,both,0.777758675908017,0.3475225444792318
49,6,25,both,0.7815426754408431,0.3747631092643209
50,6,25,both,0.8338574217342684,0.34571382764674713
0,7,1,both,0.6337335286135153,0.3333333333333333
1,7,1,both,0.7242892551978548,0.3333333333333333
2,7,1,both,0.6502067682994384,0.3333333333333333
3,7,1,both,0.6622518220531544,0.3333333333333333
4,7,1,both,0.6712029256520395,0.3333333333333333
5,7,1,both,0.7576803206589146,0.3333333333333333
6,7,1,both,0.6007907266946502,0.3333333333333333
7,7,1,both,0.7098671861696149,0.3333333333333333
8,7,1,both,0.7112634916420453,0.3333333333333333
9,7,1,both,0.526621676778616,0.3333333333333333
10,7,1,both,0.7669403947458753,0.3333333333333333
11,7,1,both,0.7121382190237387,0.3333333333333333
12,7,1,both,0.7172357907579061,0.3333333333333333
13,7,1,both,0.7371404788842666,0.3333333333333333
14,7,1,both,0.7251737194856962,0.3333333333333333
15,7,1,both,0.6060948461758465,0.3333333333333333
16,7,1,both,0.502596486400229,0.3333333333333333
17,7,1,both,0.7265919100599594,0.3333333333333333
18,7,1,both,0.7075090768836717,0.3333333333333333
19,7,1,both,0.6596351524089392,0.3333333333333333
20,7,1,both,0.744835515708635,0.3333333333333333
21,7,1,both,0.6547719585478066,0.3333333333333333
22,7,1,both,0.6953835563154235,0.3333333333333333
23,7,1,both,0.6994172283577924,0.3333333333333333
24,7,1,both,0.6865928007916549,0.3333333333333333
25,7,1,both,0.8338509304527258,0.3333333333333333
26,7,1,both,0.7524488147232644,0.3333333333333333
27,7,1,both,0.6969080932426046,0.3333333333333333
28,7,1,both,0.7443913831624597,0.3333333333333333
29,7,1,both,0.654256860552008,0.3333333333333333
30,7,1,both,0.6229032944403826,0.3333333333333333
31,7,1,both,0.65673601049327,0.3333333333333333
32,7,1,both,0.6788736934156165,0.3333333333333333
33,7,1,both,0.6441344718863973,0.3333333333333333
34,7,1,both,0.631528572147459,0.3333333333333333
35,7,1,both,0.682071787608707,0.3333333333333333
36,7,1,both,0.5323921562574566,0.3333333333333333
37,7,1,both,0.6814349056997222,0.3333333333333333
38,7,1,both,0.7084861352556433,0.3333333333333333
39,7,1,both,0.7331172299174451,0.3333333333333333
40,7,1,both,0.5311759736166712,0.3333333333333333
41,7,1,both,0.709379797838281,0.3333333333333333
42,7,1,both,0.6323101211483738,0.3333333333333333
43,7,1,both,0.7283231681405709,0.3333333333333333
44,7,1,both,0.7330151671914227,0.3333333333333333
45,7,1,both,0.7595267647516772,0.3333333333333333
46,7,1,both,0.7274975871219468,0.3333333333333333
47,7,1,both,0.6648254560215219,0.3333333333333333
48,7,1,both,0.7351675409903414,0.3333333333333333
49,7,1,both,0.7067673802792285,0.3333333333333333
50,7,1,both,0.6216220941868773,0.3333333333333333
51,7,1,both,0.6613820887793938,0.3333333333333333
52,7,1,both,0.7184878904050715,0.3333333333333333
53,7,1,both,0.7004958248490969,0.3333333333333333
0,7,25,none,0.502596486400229,0.4466985811499984
1,7,25,none,0.526621676778616,0.44675505263564563
2,7,25,none,0.5311759736166712,0.4466985811499984
3,7,25,both,0.5323921562574566,0.44514297023636984
4,7,25,none,0.6007907266946502,0.4452989337829045
5,7,25,both,0.6060948461758465,0.34530957641313953
6,7,25,none,0.6216220941868773,0.4667792109882294
7,7,25,both,0.6229032944403826,0.3438671292917663
8,7,25,both,0.631528572147459,0.3457527826304325
9,7,25,both,0.6323101211483738,0.3747628534049307
10,7,25,both,0.6337335286135153,0.44980817924998784
11,7,25,both,0.6441344718863973,0.34301487721007734
12,7,25,both,0.6502067682994384,0.34228869673019624
13,7,25,both,0.654256860552008,0.3428756398892626
14,7,25,both,0.6547719585478066,0.34225698368492646
15,7,25,both,0.65673601049327,0.34216487086033864
16,7,25,both,0.6596351524089392,0.34198380681538565
17,7,25,both,0.6613820887793938,0.3429238273314502
18,7,25,none,0.6622518220531544,0.4667792109882294
19,7,25,both,0.6648254560215219,0.34570494888764625
20,7,25,both,0.6712029256520395,0.3454483010482467
21,7,25,both,0.6788736934156165,0.34538628886604483
22,7,25,both,0.6814349056997222,0.39527549473954915
23,7,25,both,0.682071787608707,0.34619837796467323
24,7,25,both,0.6865928007916549,0.345639913397481
25,7,25,both,0.6953835563154235,0.34516904269825815
26,7,25,both,0.6969080932426046,0.34458359069646166
27,7,25,both,0.6994172283577924,0.45803303853040056
28,7,25,both,0.7004958248490969,0.34478506315580837
29,7,25,both,0.7067673802792285,0.34707339087321276
30,7,25,both,0.7075090768836717,0.34747267892562134
31,7,25,both,0.7084861352556433,0.34761028116173126
32,7,25,both,0.709379797838281,0.4353338078116006
33,7,25,both,0.7098671861696149,0.3519707064741689
34,7,25,both,0.7112634916420453,0.3463505302261428
35,7,25,both,0.7121382190237387,0.3464452648401225
36,7,25,both,0.7172357907579061,0.44473181153317065
37,7,25,both,0.7184878904050715,0.34926596290874223
38,7,25,both,0.7242892551978548,0.35122277517351463
39,7,25,both,0.7251737194856962,0.40494945136406235
40,7,25,both,0.7265919100599594,0.3455797033046436
41,7,25,both,0.7274975871219468,0.4553622922062147
42,7,25,both,0.7283231681405709,0.3503080831590453
43,7,25,both,0.7330151671914227,0.34579642358324264
44,7,25,both,0.7331172299174451,0.34471144151431365
45,7,25,both,0.7351675409903414,0.34568212412056626
46,7,25,both,0.7371404788842666,0.34932162398706457
47,7,25,both,0.7443913831624597,0.34534306428083195
48,7,25,both,0.744835515708635,0.34485290964945725
49,7,25,both,0.7524488147232644,0.39553484889398693
50,7,25,both,0.7576803206589146,0.34865244980658583
51,7,25,both,0.7595267647516772,0.4513495257427776
52,7,25,both,0.7669403947458753,0.34731678955232903
53,7,25,both,0.8338509304527258,0.3451751374988633
0,8,1,both,0.680615638271045,0.3333333333333333
1,8,1,both,0.6247391528812262,0.3333333333333333
2,8,1,both,0.6419645410314564,0.3333333333333333
3,8,1,both,0.7876020978823614,0.3333333333333333
4,8,1,both,0.7456062640220463,0.3333333333333333
5,8,1,both,0.7566697549115851,0.3333333333333333
6,8,1,both,0.671101220964138,0.3333333333333333
7,8,1,both,0.7152625846540356,0.3333333333333333
8,8,1,both,0.7074320276099796,0.3333333333333333
9,8,1,both,0.6409634278243102,0.3333333333333333
10,8,1,both,0.6719349343555764,0.3333333333333333
11,8,1,both,0.669305193153684,0.3333333333333333
12,8,1,both,0.7448845636583914,0.3333333333333333
13,8,1,both,0.660142841823496,0.3333333333333333
14,8,1,both,0.6929782512861543,0.3333333333333333
15,8,1,both,0.7499082458194589,0.3333333333333333
16,8,1,both,0.7807024983683398,0.3333333333333333
17,8,1,both,0.7569009458271826,0.3333333333333333
18,8,1,both,0.6344684625387527,0.3333333333333333
19,8,1,both,0.7159641918136688,0.3333333333333333
20,8,1,both,0.7475400041222128,0.3333333333333333
21,8,1,both,0.6698486947305289,0.3333333333333333
22,8,1,both,0.7597017838312023,0.3333333333333333
23,8,1,both,0.7524661412498235,0.3333333333333333
24,8,1,both,0.5945417368335472,0.3333333333333333
25,8,1,both,0.7467246964964496,0.3333333333333333
26,8,1,both,0.6369810262671,0.3333333333333333
27,8,1,both,0.7037460768941082,0.3333333333333333
28,8,1,both,0.684774424247459,0.3333333333333333
29,8,1,both,0.6141065595845158,0.3333333333333333
30,8,1,both,0.7249654510409206,0.3333333333333333
31,8,1,both,0.7005776045622241,0.3333333333333333
32,8,1,both,0.6278523540500563,0.3333333333333333
33,8,1,both,0.5004001666285158,0.3333333333333333
34,8,1,both,0.714274724013194,0.3333333333333333
35,8,1,both,0.6561942194922477,0.3333333333333333
36,8,1,both,0.6404741474379776,0.3333333333333333
37,8,1,both,0.5001278006837503,0.3333333333333333
38,8,1,both,0.7190801732025957,0.3333333333333333
39,8,1,both,0.7799793915046127,0.3333333333333333
40,8,1,both,0.6642900198084591,0.3333333333333333
41,8,1,both,0.6138284871178304,0.3333333333333333
42,8,1,both,0.7128387571079068,0.3333333333333333
43,8,1,both,0.705501649537706,0.3333333333333333
44,8,1,both,0.7443795642680914,0.3333333333333333
45,8,1,both,0.6771819432936054,0.3333333333333333
46,8,1,both,0.7775880441356556,0.3333333333333333
47,8,1,both,0.7022781967548312,0.3333333333333333
48,8,1,both,0.7237253190785817,0.3333333333333333
49,8,1,both,0.6526551674158645,0.3333333333333333
50,8,1,both,0.6858907599992506,0.3333333333333333
51,8,1,both,0.8146623802536925,0.3333333333333333
0,8,24,both,0.5001278006837503,0.4462568871699242
1,8,24,both,0.5004001666285158,0.41736716917925
2,8,24,both,0.5945417368335472,0.44430005219880153
3,8,24,both,0.6138284871178304,0.34249672386063207
4,8,24,both,0.6141065595845158,0.4481797440233819
5,8,24,both,0.6247391528812262,0.39851467985378297
6,8,24,both,0.6278523540500563,0.3418482239749868
7,8,24,both,0.6344684625387527,0.34204968003473063
8,8,24,both,0.6369810262671,0.40696656450078156
9,8,24,both,0.6404741474379776,0.3418675320069451
10,8,24,both,0.6409634278243102,0.3529072802577204
11,8,24,both,0.6419645410314564,0.3440027195229255
12,8,24,both,0.6526551674158645,0.3429577715399219
13,8,24,both,0.6561942194922477,0.39010495251717897
14,8,24,both,0.660142841823496,0.34267941895135795
15,8,24,both,0.6642900198084591,0.3431396527146726
16,8,24,both,0.669305193153684,0.3451695077713686
17,8,24,both,0.6698486947305289,0.3441269669975342
18,8,24,both,0.671101220964138,0.34813426291505645
19,8,24,both,0.6719349343555764,0.3453697393003965
20,8,24,both,0.6771819432936054,0.3462775561324586
21,8,24,both,0.680615638271045,0.347848648800975
22,8,24,both,0.684774424247459,0.35080427503976774
23,8,24,both,0.6858907599992506,0.34487050853636714
24,8,24,both,0.6929782512861543,0.34752203775626844
25,8,24,both,0.7005776045622241,0.3454754197580554
26,8,24,both,0.7022781967548312,0.34610281577695745
27,8,24,both,0.7037460768941082,0.34391105270326994
28,8,24,both,0.705501649537706,0.4440205686476615
29,8,24,both,0.7074320276099796,0.34969587733141716
30,8,24,both,0.7128387571079068,0.34464215243529794
31,8,24,none,0.714274724013194,0.4667792109882294
32,8,24,both,0.7152625846540356,0.3459462315073816
33,8,24,both,0.7159641918136688,0.44402052046868057
34,8,24,both,0.7190801732025957,0.34491083905268116
35,8,24,both,0.7237253190785817,0.44404095893701745
36,8,24,both,0.7249654510409206,0.3455776677827116
37,8,24,both,0.7443795642680914,0.34758075726715254
38,8,24,both,0.7448845636583914,0.3444205134523896
39,8,24,both,0.7456062640220463,0.34454644151692454
40,8,24,both,0.7467246964964496,0.34506389061622983
41,8,24,both,0.7475400041222128,0.3484221933301527
42,8,24,both,0.7499082458194589,0.35127752763242265
43,8,24,both,0.7524661412498235,0.34424287515196184
44,8,24,both,0.7566697549115851,0.3450304617169825
45,8,24,both,0.7569009458271826,0.3570114916807516
46,8,24,both,0.7597017838312023,0.3572581254322428
47,8,24,both,0.7775880441356556,0.3453222751639605
48,8,24,both,0.7799793915046127,0.3468262881561445
49,8,24,both,0.7807024983683398,0.349153462849057
50,8,24,both,0.7876020978823614,0.3452511464401985
51,8,24,both,0.8146623802536925,0.3442157955391111
0,9,1,both,0.6916458498697851,0.3333333333333333
1,9,1,both,0.6492969365562875,0.3333333333333333
2,9,1,both,0.6749882195005822,0.3333333333333333
3,9,1,both,0.7108396032718927,0.3333333333333333
4,9,1,both,0.7041933234126954,0.3333333333333333
5,9,1,both,0.6662900742459319,0.3333333333333333
6,9,1,both,0.7092148466300688,0.3333333333333333
7,9,1,both,0.7188962910686388,0.3333333333333333
8,9,1,both,0.5379216652427204,0.3333333333333333
9,9,1,both,0.7258284666570866,0.3333333333333333
10,9,1,both,0.7198414901291121,0.3333333333333333
11,9,1,both,0.7242630822618258,0.3333333333333333
12,9,1,both,0.6531787306160912,0.3333333333333333
13,9,1,both,0.6718964177621116,0.3333333333333333
14,9,1,both,0.7231024278048027,0.3333333333333333
15,9,1,both,0.6631645403573623,0.3333333333333333
16,9,1,both,0.6805643917932603,0.3333333333333333
17,9,1,both,0.7098353186247884,0.3333333333333333
18,9,1,both,0.5924673643073797,0.3333333333333333
19,9,1,both,0.6303482541202899,0.3333333333333333
20,9,1,both,0.7213979287634862,0.3333333333333333
21,9,1,both,0.7494951371128709,0.3333333333333333
22,9,1,both,0.6589285131233404,0.3333333333333333
23,9,1,both,0.7332799855463703,0.3333333333333333
24,9,1,both,0.6753303275118953,0.3333333333333333
25,9,1,both,0.5004125959033027,0.3333333333333333
26,9,1,both,0.7096009028657545,0.3333333333333333
27,9,1,both,0.8173484919964263,0.3333333333333333
28,9,1,both,0.7328140879123998,0.3333333333333333
29,9,1,both,0.7339213751559323,0.3333333333333333
30,9,1,both,0.6722191042264823,0.3333333333333333
31,9,1,both,0.7515784585504186,0.3333333333333333
32,9,1,both,0.7518774744177332,0.3333333333333333
33,9,1,both,0.769377399421413,0.3333333333333333
34,9,1,both,0.6717831527486183,0.3333333333333333
35,9,1,both,0.6845068322861183,0.3333333333333333
36,9,1,both,0.706429703076214,0.3333333333333333
37,9,1,both,0.6140238488393631,0.3333333333333333
38,9,1,both,0.6381672513955116,0.3333333333333333
39,9,1,both,0.7038274778662346,0.3333333333333333
40,9,1,both,0.7814489939262097,0.3333333333333333
41,9,1,both,0.7066850120675741,0.3333333333333333
42,9,1,both,0.7066626981307305,0.3333333333333333
43,9,1,both,0.7589312119769492,0.3333333333333333
44,9,1,both,0.7516177141394526,0.3333333333333333
45,9,1,both,0.7142322060268821,0.3333333333333333
46,9,1,both,0.624822230201344,0.3333333333333333
47,9,1,both,0.6354200599904316,0.3333333333333333
48,9,1,both,0.7414304772699583,0.3333333333333333
49,9,1,both,0.7110355840961303,0.3333333333333333
50,9,1,both,0.7606897393613604,0.3333333333333333
51,9,1,both,0.7229726701562452,0.3333333333333333
0,9,25,none,0.5004125959033027,0.4444541201526804
1,9,25,both,0.5379216652427204,0.4425126641527064
2,9,25,both,0.5924673643073797,0.433718491394488
3,9,25,both,0.6140238488393631,0.3443872058527059
4,9,25,both,0.624822230201344,0.341845288455939
5,9,25,both,0.6303482541202899,0.3928734159890638
6,9,25,both,0.6354200599904316,0.34129458556556613
7,9,25,both,0.6381672513955116,0.3439945043627058
8,9,25,none,0.6492969365562875,0.45865832014778174
9,9,25,both,0.6531787306160912,0.3473945231481557
10,9,25,both,0.6589285131233404,0.3474849952822592
11,9,25,both,0.6631645403573623,0.4140488151617517
12,9,25,both,0.6662900742459319,0.3453207171015093
13,9,25,both,0.6717831527486183,0.34444209067925435
14,9,25,both,0.6718964177621116,0.35035215796587865
15,9,25,both,0.6722191042264823,0.3460640803238513
16,9,25,both,0.6749882195005822,0.34872425488911696
17,9,25,both,0.6753303275118953,0.35012340912733264
18,9,25,both,0.6805643917932603,0.34830061537246965
19,9,25,both,0.6845068322861183,0.34983776816368484
20,9,25,both,0.6916458498697851,0.3445781461074291
21,9,25,both,0.7038274778662346,0.34639989349067246
22,9,25,both,0.7041933234126954,0.34684477196277347
23,9,25,both,0.706429703076214,0.34928019138981425
24,9,25,both,0.7066626981307305,0.3529615178376552
25,9,25,both,0.7066850120675741,0.34511777113842984
26,9,25,both,0.7092148466300688,0.4500257367981955
27,9,25,both,0.7096009028657545,0.3460540085727516
28,9,25,both,0.7098353186247884,0.39575132243621824
29,9,25,both,0.7108396032718927,0.3443247848429798
30,9,25,both,0.7110355840961303,0.34472952750730995
31,9,25,both,0.7142322060268821,0.3453530320481761
32,9,25,both,0.7188962910686388,0.34698052116287503
33,9,25,both,0.7198414901291121,0.34941645037511754
34,9,25,both,0.7213979287634862,0.34613751438384277
35,9,25,both,0.7229726701562452,0.34971668063439454
36,9,25,both,0.7231024278048027,0.35037114599115227
37,9,25,both,0.7242630822618258,0.34843157870163294
38,9,25,both,0.7258284666570866,0.35213410383177157
39,9,25,both,0.7328140879123998,0.3495030630410032
40,9,25,both,0.7332799855463703,0.34519086445412783
41,9,25,both,0.7339213751559323,0.3463372971813158
42,9,25,both,0.7414304772699583,0.34450751960073406
43,9,25,both,0.7494951371128709,0.3446892043260971
44,9,25,both,0.7515784585504186,0.347043764023228
45,9,25,both,0.7516177141394526,0.3462823578860261
46,9,25,both,0.7518774744177332,0.34496464353654643
47,9,25,both,0.7589312119769492,0.3448437337605505
48,9,25,both,0.7606897393613604,0.34711990310694607
49,9,25,both,0.769377399421413,0.3505651709539639
50,9,25,both,0.7814489939262097,0.34518699420175214
51,9,25,both,0.8173484919964263,0.374763938966293
